{"sections":{"main":{"type":"main-list-collections","settings":{"container":"container","padding_full_width":0,"colors_bg":"#ffffff","colors_bg_gradient":"","show_breadcrumb":true,"breadcrumb_alignment":"left","breadcrumb_bg":"","breadcrumb_gradient":"","breadcrumb_bg_mb":"#f6f6f6","breadcrumb_gradient_mb":"","show_page_title":true,"page_title_alignment":"left","des_collection":"","des_collection_alignment":"center","des_collection_font_size":12,"des_collection_font_size_mb":12,"des_collection_font_weight":"400","mg_top_des_collection":5,"mg_bottom_des_collection":25,"des_collection_color":"#3c3c3c","show_collapse":false,"enable_sticky":false,"sidebar_layout":"layout_1","sidebar_collapse_default":"expand","sidebar_position":"left","sidebar_heading_font":"font_1","sidebar_heading_font_size":14,"sidebar_heading_font_weight":"700","sidebar_heading_text_transform":"uppercase","type":"all","sort":"alphabetical","item_per_row":"3","item_per_row_mb":"1","padding_top_collection_list":15,"padding_bottom_collection_list":80,"item_grid_gap":15,"collection_pagination_showmore":"show_more","collection_limit":9,"button_show_more":"Show More","fontsize_show_more":14,"show_more_width":300,"fontweight_show_more":"700","show_more_text_transform":"uppercase","mg_top_show_more":0,"mg_bottom_show_more":0,"color_show_more":"#232323","show_more_border":"#232323","show_more_background":"#ffffff","show_more_background_gradient":"","show_more_color_hover":"#ffffff","show_more_border_hover":"#232323","show_more_background_hover":"#232323","show_more_background_gradient_hover":"","image_ratio":"portrait","portrait_aspect_ratio":112,"mg_bottom_image":8,"show_collection_title":true,"show_collection_product_count":true,"align":"center","border_color":"#ffffff","bg_color":"#ffffff","bg_color_gradient":"","title_font_size":24,"title_font_size_mb":16,"title_font_weight":"800","title_text_transform":"uppercase","mg_bottom_title":10,"title_color":"#000000","title_background":"#ffffff","title_background_gradient":"","count_font_size":12,"count_font_size_mb":12,"count_font_weight":"400","count_text_transform":"uppercase","mg_bottom_count":15,"count_color":"#999999","des_font_size":12,"des_font_size_mb":12,"des_font_weight":"400","des_text_transform":"none","limit_content_des":23,"mg_bottom_des":33,"text_color":"#3c3c3c","button_title":"Shop Now","button_style":"style1","fontsize_button":14,"button_width":190,"fontweight_button":"700","button_text_transform":"uppercase","mg_bottom_button":60,"color_button":"#ffffff","button_border":"#232323","button_background":"#232323","button_background_gradient":"","button_color_hover":"#232323","button_border_hover":"#232323","button_background_hover":"#ffffff","button_background_gradient_hover":"","padding_top":0,"padding_top_tablet":0,"padding_top_mobile":0,"padding_bottom":0,"padding_bottom_tablet":0,"padding_bottom_mobile":0}}},"order":["main"]}